Roy,Leber,rleber0@noaa.gov,Male,52.170.237.57
Ring,Clineck,rclineck1@ucla.edu,Male,90.182.104.151
Vaughan,Badgers,vbadgers2@fema.gov,Male,81.2.5.144
Oliviero,Goldsbury,ogoldsbury3@walmart.com,Male,87.21.184.230
Ruthy,Maly,rmaly4@disqus.com,Female,121.226.183.206
Conchita,Cobden,ccobden5@51.la,Female,51.186.210.131
Roy,Bugdale,rbugdale6@canalblog.com,Male,241.23.12.56
Julee,Stookes,jstookes7@miitbeian.gov.cn,Female,254.179.251.3
Sarita,Bacon,sbacon8@oakley.com,Female,135.255.93.178
Brendan,Yesichev,byesichev9@rakuten.co.jp,Male,192.50.168.129
Freeland,Oldmeadow,foldmeadowa@phpbb.com,Male,175.196.30.138
Marten,Scrymgeour,mscrymgeourb@ucoz.com,Male,71.136.68.239
Hermy,Barnes,hbarnesc@upenn.edu,Male,85.157.178.128
Cassius,Swiffan,cswiffand@amazonaws.com,Male,160.42.78.241
Kennie,Yakunikov,kyakunikove@nih.gov,Male,32.248.67.158
Griff,Dillet,gdilletf@e-recht24.de,Male,149.126.96.24
Crista,Shillaber,cshillaberg@1und1.de,Female,243.99.55.86
Massimo,Strutley,mstrutleyh@bloomberg.com,Male,229.80.133.233
Ashlin,Dennerley,adennerleyi@xing.com,Male,254.159.118.130
Fidel,Gillison,fgillisonj@angelfire.com,Male,123.212.0.105
Buckie,Carmont,bcarmontk@nasa.gov,Male,167.141.25.184
Carolee,Hawkes,chawkesl@cornell.edu,Female,1.82.212.26
Berte,Fairbeard,bfairbeardm@indiegogo.com,Female,161.62.84.136
Kermit,Negus,knegusn@usatoday.com,Male,77.225.195.91
Cherish,Podmore,cpodmoreo@mapy.cz,Female,218.11.31.49
Anallese,Yakolev,ayakolevp@spiegel.de,Female,214.114.94.125
Lynn,Jemmison,ljemmisonq@mac.com,Female,112.163.103.4
Lane,Brimilcome,lbrimilcomer@wisc.edu,Female,159.40.49.28
Durand,Mackelworth,dmackelworths@cbc.ca,Male,95.180.242.85
Di,Madgin,dmadgint@g.co,Female,113.191.232.78
Eward,Roath,eroathu@storify.com,Male,192.59.7.84
Marylin,Arntzen,marntzenv@studiopress.com,Female,33.255.214.74
Adiana,Timmes,atimmesw@behance.net,Bigender,249.53.81.163
Dorris,Torrance,dtorrancex@edublogs.org,Female,67.220.203.159
Fabian,Dict,fdicty@mysql.com,Male,97.4.227.154
Olenolin,Grzelczak,ogrzelczakz@chicagotribune.com,Male,243.60.27.59
Chere,Josling,cjosling10@nba.com,Female,124.109.241.179
Bernadene,Lardeux,blardeux11@cargocollective.com,Female,24.255.200.246
Gretel,Szymonowicz,gszymonowicz12@acquirethisname.com,Female,26.214.227.5
Huntley,Jordeson,hjordeson13@google.ca,Male,89.95.115.233
Whit,Littlepage,wlittlepage14@etsy.com,Male,51.7.79.122
Zachery,Doherty,zdoherty15@wsj.com,Male,53.145.110.119
Oswald,Stacey,ostacey16@nationalgeographic.com,Male,107.204.24.190
Indira,Blues,iblues17@slashdot.org,Female,31.131.174.17
Sander,De Bischof,sdebischof18@apple.com,Male,0.63.44.19
Helena,Gjerde,hgjerde19@nba.com,Female,10.184.69.26
Bili,Pau,bpau1a@tiny.cc,Female,26.23.53.71
Lebbie,Martyn,lmartyn1b@mozilla.com,Non-binary,31.175.125.187
Wyatan,Ogborne,wogborne1c@prnewswire.com,Male,5.139.210.223
Hansiain,Gabb,hgabb1d@seesaa.net,Male,89.100.164.12
Koren,Ridges,kridges1e@pbs.org,Female,176.61.243.193
Lyndy,Charer,lcharer1f@hexun.com,Female,214.203.46.136
Shurlocke,Empringham,sempringham1g@joomla.org,Male,183.11.13.88
Georgetta,Gowry,ggowry1h@fda.gov,Female,57.22.146.89
Russ,Mosey,rmosey1i@soundcloud.com,Male,166.60.198.160
Georgy,Begbie,gbegbie1j@wufoo.com,Male,109.30.84.165
Honor,Pitcock,hpitcock1k@bloglines.com,Female,49.18.48.6
Dick,O'Carmody,docarmody1l@dagondesign.com,Male,155.20.80.35
Delaney,Shipp,dshipp1m@jiathis.com,Male,221.70.15.209
Ario,Filipic,afilipic1n@tinypic.com,Bigender,74.74.210.34
Darnell,Sebright,dsebright1o@purevolume.com,Male,223.28.210.9
Corry,Cotesford,ccotesford1p@cargocollective.com,Female,228.209.219.175
Crissie,Malthouse,cmalthouse1q@hp.com,Female,1.191.205.218
Astrid,Trahar,atrahar1r@cisco.com,Female,70.246.108.167
Jasmin,Fibbens,jfibbens1s@1688.com,Female,164.214.45.202
Diahann,Vila,dvila1t@cocolog-nifty.com,Female,243.91.84.103
Gussy,Lovie,glovie1u@senate.gov,Female,53.228.231.14
Thatcher,Fewtrell,tfewtrell1v@unesco.org,Male,2.47.128.241
Brockie,Northern,bnorthern1w@nsw.gov.au,Male,123.237.86.125
Aubry,Ivins,aivins1x@gov.uk,Female,54.62.229.26
Theodor,Hubbart,thubbart1y@wp.com,Male,44.159.62.221
Bennie,Nusche,bnusche1z@163.com,Female,133.19.169.162
Morry,Dow,mdow20@opensource.org,Male,82.151.121.114
Angelita,Brierley,abrierley21@nifty.com,Female,86.230.118.91
Pepito,Pickworth,ppickworth22@ucsd.edu,Male,39.235.30.231
Danette,Spivie,dspivie23@wordpress.com,Female,244.46.201.224
Matthias,Puddifer,mpuddifer24@salon.com,Male,36.152.196.218
Rycca,Easdon,reasdon25@usnews.com,Genderqueer,134.83.238.241
Rayner,Topling,rtopling26@dyndns.org,Male,246.229.112.95
Cristy,Karslake,ckarslake27@macromedia.com,Female,240.198.207.233
Rory,Foyle,rfoyle28@seattletimes.com,Female,148.139.162.173
Harriott,Hooke,hhooke29@cbslocal.com,Female,232.40.112.203
Orel,Muslim,omuslim2a@jimdo.com,Female,44.32.3.40
Lenard,Ivakhno,livakhno2b@globo.com,Male,118.93.128.155
Jobina,Saint,jsaint2c@ft.com,Female,142.245.136.90
Martina,Townend,mtownend2d@google.co.jp,Female,196.179.170.224
Ebonee,Hylden,ehylden2e@yelp.com,Female,170.9.81.136
Isobel,Yourell,iyourell2f@wix.com,Female,71.255.174.252
Louella,Leadston,lleadston2g@yolasite.com,Female,137.31.212.196
Elnore,Queree,equeree2h@vkontakte.ru,Female,252.62.238.154
Livvy,Cowpertwait,lcowpertwait2i@thetimes.co.uk,Female,70.144.58.154
Guenna,Terrey,gterrey2j@geocities.com,Female,249.79.73.133
Abby,Pashby,apashby2k@amazonaws.com,Male,127.155.28.217
Hank,Itzig,hitzig2l@jigsy.com,Male,78.30.250.243
Basil,Jolland,bjolland2m@seesaa.net,Male,249.70.36.4
Maynord,Tabert,mtabert2n@upenn.edu,Male,143.62.33.85
Lynnett,Maber,lmaber2o@example.com,Female,94.73.122.160
Richard,Meininking,rmeininking2p@whitehouse.gov,Male,40.31.226.157
Berte,Bumphrey,bbumphrey2q@addthis.com,Female,221.176.236.220
Grady,Trevascus,gtrevascus2r@cdbaby.com,Male,31.59.122.56
